friends_screen_name,created_at,friends_count,followers_count,tweet_count
Amb3rMark,2016-01-30 08:24:22+08:00,339,10989,2999
LukeBryanOnline,2008-10-31 05:14:38+08:00,10546,9400687,7949
LanaDelRey,2009-06-07 10:29:09+08:00,1217,9795290,370
ebhonijade,2011-04-24 09:22:19+08:00,513,5652,10866
denzelcurry,2011-06-18 11:57:54+08:00,723,497843,92026
yungbabytate,2014-01-13 03:31:38+08:00,1230,95775,78091
Olivia_Rodrigo,2015-05-18 01:27:07+08:00,297,1537869,823
PRIYARAGUMUSIC,2018-10-06 20:58:36+08:00,125,1749,319
YouTubeBrasil,2011-09-22 05:33:31+08:00,229,519523,9931
zacbrownband,2008-12-15 06:57:23+08:00,3904,1643711,6035
Anitta,2010-05-09 11:58:23+08:00,737,14795185,51032
citygirls,2018-09-15 07:17:57+08:00,5,101965,540
TheRock,2011-02-12 06:14:10+08:00,320,15460038,25700
snailmail,2021-07-22 03:12:58+08:00,52,5118,54
TechN9ne,2008-10-04 02:47:15+08:00,1406,568741,19380
DonToliver,2011-07-04 16:46:59+08:00,112,359110,14199
BambiAhmad,2018-06-21 05:27:20+08:00,50,15,3290
MickeyGuyton,2009-04-14 15:28:47+08:00,712,171528,15746
LunaLunaBand,2017-05-09 08:46:03+08:00,340,6917,2752
InnerWav,2020-03-21 18:37:51+08:00,345,3066,793
JellyRoll615,2009-04-23 08:11:42+08:00,2023,84293,3922
Boi1da,2009-04-23 01:58:08+08:00,1989,205742,16306
KIIARA,2015-05-30 09:32:47+08:00,24,50229,10753
ABBA,2018-06-08 17:08:19+08:00,1,98839,400
wiffygriffy,2018-11-22 18:05:56+08:00,102,16915,590
AIMAwards,2011-05-11 18:53:46+08:00,921,8046,5515
bitchimjunior,2018-03-27 16:40:24+08:00,121,562,340
ATEEZofficial,2017-10-26 13:06:43+08:00,3,2895632,9644
laineywilson,2011-05-27 01:00:57+08:00,522,11174,3686
bellapoarch,2020-04-24 11:25:59+08:00,95,805237,905
ThatSubUrban,2013-04-03 10:23:49+08:00,57,35356,1478
jinjinofficial,2009-05-15 23:22:51+08:00,1113,9141,17600
Diane_Warren,2009-07-02 06:03:28+08:00,531,69588,24780
ITZYofficial,2018-11-14 13:31:22+08:00,5,3932769,3873
jordysongs,2009-10-05 04:14:36+08:00,340,1749,2185
IngridAndress,2011-02-21 02:49:24+08:00,218,17099,3241
SeedheMaut,2017-02-04 17:20:24+08:00,6,2697,255
ennyintegrity,2009-09-29 00:21:41+08:00,392,9240,19796
se_so_neon,2016-04-08 18:56:53+08:00,21,12036,1638
tokischa_,2018-12-23 15:27:52+08:00,99,90004,2379
raveena_aurora,2015-11-27 03:27:43+08:00,795,82045,4025
ambarlucid,2017-07-26 03:58:23+08:00,318,6294,5559
doul_xx,2017-06-19 00:46:21+08:00,0,8525,796
ebhoni,2011-04-24 09:22:19+08:00,558,5827,11022
TPAIN,2009-04-01 13:02:12+08:00,2391,1301071,25819
ambermark,2016-01-30 08:24:22+08:00,342,11555,3109
swedishousemfia,2009-04-23 08:39:15+08:00,6,2008205,519
CHVRCHES,2011-12-17 12:26:01+08:00,147,356814,1599
YOASOBI_staff,2019-10-01 11:20:23+08:00,63,544295,2718
TesherMusic,2020-02-21 01:57:36+08:00,13,4043,1032
Stagecoach,2009-11-14 06:44:41+08:00,119,39944,2355
KELLYROWLAND,2009-04-13 10:15:13+08:00,1684,6829442,13855
FLAGALine,2010-06-21 22:41:25+08:00,6783,2002031,19440
LoloZouai,2015-12-08 02:44:05+08:00,400,28510,6452
AURORAmusic,2013-04-23 00:49:05+08:00,399,217572,4436
BonJovi,2009-03-04 10:24:46+08:00,5587,2929589,4360
ZoeWeesOfficial,2020-01-29 02:35:32+08:00,162,4068,414
Cautiousclayton,2013-05-23 05:01:35+08:00,363,9814,1746
KSI,2011-03-15 02:36:41+08:00,881,7250351,2213
MilkyChance,2014-01-31 03:50:06+08:00,238,73183,1905
jungle4eva,2018-02-08 15:58:17+08:00,37,15093,637
m1llionz,2011-02-21 21:21:33+08:00,86,26072,18113
MariahScientist,2019-07-18 00:27:58+08:00,16,78868,268
TIONWAYNE,2010-06-22 07:57:10+08:00,676,114618,39538
alexwaarren,2014-08-18 10:26:59+08:00,98,984089,1958
thekidlaroi,2018-02-07 14:25:39+08:00,20,431305,1627
joyoladokun,2014-11-15 10:26:01+08:00,904,8580,5970
RoddyRicch,2015-07-28 01:41:37+08:00,2,3261849,3751
breland,2019-12-20 07:44:06+08:00,51,3611,399
lafourcade,2009-03-06 03:38:07+08:00,47,1977162,7192
TeniEntertainer,2011-04-01 13:11:56+08:00,847,1132464,50228
Omah_Lay,2013-01-23 20:59:59+08:00,187,943662,4692
OldDominion,2011-04-06 00:19:54+08:00,442,333993,8148
davidguetta,2009-03-13 00:19:49+08:00,452,20289032,6165
ArmaanMalik22,2011-05-15 13:26:03+08:00,2692,1338517,29885
KSHMRmusic,2013-10-14 05:26:22+08:00,310,176382,9266
SineadHarnett,2010-10-25 05:23:49+08:00,692,42967,15765
JubinNautiyal,2010-10-12 20:24:02+08:00,104,182391,8557
LO_FRASCO,2012-07-09 00:15:38+08:00,100,25413,3666
yeul_e,2017-08-14 11:42:44+08:00,261,14939,1137
__SHIGETO,2009-09-05 04:06:27+08:00,887,26347,18514
ichikoaoba,2010-02-14 12:25:54+08:00,1,39144,5119
PRSFoundation,2009-03-17 18:04:17+08:00,4437,42102,25471
leonbridges,2009-06-12 14:28:16+08:00,14,112574,4792
fireboydml,2015-12-20 01:14:41+08:00,98,2555440,9543
jpsaxe,2009-08-12 13:53:49+08:00,528,23170,7191
KeenvOfficiel,2011-05-11 06:45:46+08:00,4368,1158641,12170
travisbarker,2009-02-24 07:14:33+08:00,1908,1544799,17838
MozzyThaMotive,2011-09-12 08:53:20+08:00,473,114149,9074
nbcsnl,2009-04-02 07:06:46+08:00,686,3222662,22115
Nlechoppa1,2019-01-22 12:32:39+08:00,98,1062155,4125
keshimusic,2013-02-23 02:26:47+08:00,90,270793,766
ericnamofficial,2011-10-14 02:43:14+08:00,458,1653795,11131
TheRajaKumari,2010-04-27 15:12:00+08:00,896,30009,1162
ianndior,2019-01-30 14:49:49+08:00,37,318557,1953
trippieredd,2013-10-03 14:42:31+08:00,20,2040324,995
lunaypr1,2014-08-24 22:38:38+08:00,884,936890,19424
morrayda1,2020-05-01 11:07:18+08:00,44,30702,405
sechmusic,2017-03-02 09:20:31+08:00,0,1447686,961
jhaycortez,2013-01-31 05:58:48+08:00,451,645114,15074
xlilhuddy,2015-07-13 07:54:00+08:00,488,2917949,3781
vancejoy,2012-06-07 20:01:52+08:00,392,156270,2918
TASHSULTANAA,2015-01-13 08:43:27+08:00,125,60179,6372
MoneyBaggYo,2011-01-16 03:54:02+08:00,10,2128660,37496
Polo_Capalot,2016-09-05 21:32:14+08:00,96,2623786,1870
rinasawayama,2013-01-30 19:34:14+08:00,458,274959,9826
pooh_shiesty,2015-06-11 12:41:31+08:00,584,315563,873
RagNBoneMan,2011-08-06 15:08:38+08:00,3611,96056,9604
Saweetie,2011-05-04 12:52:30+08:00,4,1928633,10007
temsbaby,2013-04-04 23:05:19+08:00,243,526958,5527
monlaferte,2010-02-28 10:15:30+08:00,16004,669163,68495
mimiwebb,2020-04-14 01:58:30+08:00,164,5286,571
lildurk,2009-08-11 08:41:36+08:00,484,5721556,60805
emiwaytweets,2011-08-17 21:55:44+08:00,13,33757,961
liltjay,2017-04-25 09:10:43+08:00,185,737394,1192
nyc_vaccine,2021-03-26 22:05:18+08:00,2,1169,31188
Napsvraicompte,2017-07-06 00:17:31+08:00,29,33584,597
lilkeshofficial,2010-08-16 00:50:20+08:00,1068,1225388,17364
davido,2010-09-20 23:55:08+08:00,993,9689763,52202
AJRBrothers,2010-01-15 23:57:23+08:00,15001,218750,13788
JacksonWang852,2018-08-25 08:42:37+08:00,67,4811772,869
whoisaddison,2015-08-04 08:14:01+08:00,1000,4893541,5176
rodwave,2016-12-13 22:18:43+08:00,0,964882,983
wisin,2013-04-02 22:54:08+08:00,204,1171978,10742
beabad00bee,2018-10-08 20:03:19+08:00,59,102545,774
palomamamicl,2019-01-04 01:44:46+08:00,35,108691,793
VictoriaMonet,2009-03-09 03:41:38+08:00,3636,593876,22086
_FloMilli,2017-06-01 09:00:49+08:00,86,366830,1146
imbabytate,2014-01-13 03:31:38+08:00,1232,99801,78846
giveon,2017-03-03 18:05:00+08:00,7,321305,1030
KALIUCHIS,2012-06-04 10:40:39+08:00,103,934153,108
NowUnitedMusic,2016-11-22 10:20:44+08:00,313,769972,5408
SamHuntMusic,2011-02-21 12:06:02+08:00,261,599363,187
HERMusicx,2016-09-10 05:25:07+08:00,0,511706,19674
silksonic,2013-06-06 04:38:37+08:00,6,103832,143
KingsOfLeon,2010-01-05 04:43:46+08:00,23,576266,834
dominicfike,2019-06-05 01:28:30+08:00,1,54808,91
remiwolf,2014-01-16 16:46:39+08:00,206,17491,2367
finneas,2013-07-07 01:22:52+08:00,435,532304,4498
ashemusic,2011-03-15 05:28:53+08:00,814,671575,9933
asliyoyo,2012-08-20 23:35:31+08:00,133,5432964,3308
ElleKingMusic,2008-05-13 12:57:48+08:00,497,64543,8282
wolfalicemusic,2011-11-16 07:10:33+08:00,591,222939,4675
VicMensa,2009-03-03 02:28:36+08:00,35,492938,548
kamaiyah,2009-04-16 12:25:47+08:00,382,68520,45311
CHUNGHA_MNHent,2019-02-19 02:03:05+08:00,1,331263,1999
chungha_japan,2018-04-19 16:20:23+08:00,2,19651,925
kittycash,2009-03-04 11:22:27+08:00,1283,7917,22105
24kGoldn,2013-03-10 01:55:27+08:00,449,117505,3863
MustafaThePoet,2012-10-13 05:58:20+08:00,347,40077,4214
SamFischer,2011-11-01 05:02:15+08:00,432,15795,7133
Anuel_2bleA,2016-02-27 20:31:17+08:00,2,1837251,4778
RATMofficial,2020-09-03 06:32:18+08:00,0,47465,157
ThisIsRaissa,2010-11-17 17:34:29+08:00,132,2687,1535
sautisol,2009-10-30 05:20:04+08:00,93,1032339,55863
fatjoe,2009-03-17 10:22:57+08:00,925,907321,16447
loneamorphous,2009-11-15 06:22:45+08:00,2625,99725,74576
POPSMOKE10,2019-05-22 10:32:28+08:00,7,271397,200
asvpxrocky,2009-06-24 10:23:04+08:00,345,2782958,235
oliviarodrigo,2015-05-18 01:27:07+08:00,297,1545604,824
Jensen_McRae,2014-04-13 12:44:39+08:00,333,11261,6013
jeandawsn,2011-08-13 10:24:11+08:00,127,13525,15
KennyHoopla,2013-11-12 03:01:23+08:00,661,17761,12993
TKAYMAIDZA,2009-04-13 17:18:17+08:00,600,22844,3106
ShoMadjozi,2010-01-03 18:35:56+08:00,486,732478,40361
serpentwithfeet,2016-06-14 04:59:14+08:00,104,17123,1889
BRSKash,2009-07-14 03:34:51+08:00,694,3814,20604
jerome_farah,2012-08-23 19:30:28+08:00,28,189,93
jackharlow,2009-07-31 08:24:20+08:00,749,750856,2717
BANDA_MS,2010-02-23 08:45:31+08:00,2541,1337180,34118
KidCudi,2011-01-27 02:34:00+08:00,15,2735319,15098
sabrinaclaudio,2012-01-23 07:04:11+08:00,93,118759,5061
wizkidayo,2009-04-18 07:32:29+08:00,1434,8864423,53677
UncleSego,2010-07-23 06:00:35+08:00,369,229184,44278
BENEEMUSIC,2017-11-28 15:55:40+08:00,124,42094,679
ozuna,2016-02-03 12:31:24+08:00,1,1878682,2131
elnodal,2017-06-09 09:06:30+08:00,1,510690,668
karolg,2009-09-29 23:16:56+08:00,0,3953760,11159
nivassoc,2020-04-10 04:10:40+08:00,2394,10157,2535
Latto,2010-08-31 07:00:58+08:00,759,1508657,73733
AdamMelchor,2012-04-12 09:12:45+08:00,378,8119,12872
sadgirlsloan,2011-09-26 09:33:09+08:00,250,60703,613
RRReol,2012-09-28 01:51:16+08:00,130,405338,3017
foofighters,2009-01-17 03:26:30+08:00,14105,3124547,4425
SAINtJHN,2010-05-14 02:07:43+08:00,130,85933,5717
DojaCat,2012-05-02 05:14:18+08:00,0,3764245,1493
TreySongz,2009-03-18 06:10:47+08:00,3445,13805470,14667
joesefjoesef,2017-09-28 23:15:15+08:00,88,6017,1298
MYKETOWERS,2011-05-22 05:40:18+08:00,441,836653,19324
Beaubandnyc,2014-04-09 22:04:30+08:00,189,1121,857
BLACKPINK,2020-06-19 13:32:29+08:00,0,5200503,449
MetroBoomin,2009-07-29 07:08:40+08:00,2345,3733469,172399
LouisTheChild,2012-09-27 12:28:50+08:00,1860,95839,20376
rauwalejandro,2013-04-06 13:03:14+08:00,15,1429367,28917
dixiedamelio,2017-01-12 21:57:40+08:00,1892,4060769,3655
CamiloMusica,2010-02-03 06:23:32+08:00,495,1563141,15510
TierraWhack,2011-01-19 05:03:32+08:00,85,110422,80135
arashi5official,2019-08-29 17:49:08+08:00,12,2487110,906
Rico_nastyy,2015-10-05 01:54:35+08:00,34,747244,49023
AvaMax,2013-03-06 07:01:57+08:00,194,164513,1615
babykeem,2014-04-02 12:43:21+08:00,28,179737,988
alainacastillo5,2012-12-22 08:15:25+08:00,52,13954,5961
jamesblake,2010-10-22 16:47:22+08:00,60,341437,2832
chaelinCL,2014-09-25 07:30:48+08:00,162,1432360,1140
dcfc,2009-07-02 03:17:53+08:00,32,153368,2901
edsheeran,2009-10-27 07:57:28+08:00,0,17677148,23037
gashi,2010-05-19 12:48:02+08:00,2,53073,6830
chanmina1014,2013-01-30 22:06:11+08:00,168,267934,3068
lilbaby4PF,2017-01-04 06:33:39+08:00,4,5772819,1396
arcadefire,2008-12-27 06:36:01+08:00,76,961227,2244
YYYs,2009-02-24 03:12:39+08:00,8,191860,595
alinabaraz,2009-05-10 22:37:49+08:00,1731,163606,195
findingfletcher,2011-08-11 10:05:15+08:00,3567,138275,17363
sanbenito,2018-11-06 04:25:06+08:00,1,3496192,1200
ggm,2011-06-13 00:01:37+08:00,591,5516,4623
snohaalegra,2010-01-08 13:02:33+08:00,800,216684,4539
thisisLANY,2014-01-08 03:04:43+08:00,76,590537,1014
reiamimami,2011-08-08 15:15:04+08:00,109,9839,4608
6LACK,2009-03-28 08:05:02+08:00,1019,1039792,154692
MisterVonline,2009-03-18 21:18:33+08:00,486,5991447,12650
GooglePlayMusic,2015-06-03 23:50:48+08:00,328,223590,16343
ajmitchell,2015-07-11 08:39:30+08:00,5073,353903,4242
realpinksweats,2018-09-27 23:55:21+08:00,126,59080,796
whoisumi,2013-10-09 08:26:01+08:00,599,46523,2802
TheNational,2007-05-07 16:50:26+08:00,779,366780,3691
machinegunkelly,2008-12-04 13:25:52+08:00,1085,1622569,29325
yungblud,2013-08-23 19:37:06+08:00,518,621813,7206
tatemcrae,2014-01-16 01:25:47+08:00,1047,71585,2191
Google,2009-02-11 03:14:39+08:00,295,23900234,145169
audreynuna,2011-10-24 07:39:41+08:00,115,7748,522
pabllovittar,2010-08-03 20:11:38+08:00,11297,2579640,25347
Bmesrimes,2010-09-24 18:20:33+08:00,0,1632503,37682
0Riles,2011-08-15 16:49:19+08:00,266,152024,3153
OfficialAitch,2016-07-29 07:17:47+08:00,146,163949,1623
FreyaRidings,2011-04-18 01:15:34+08:00,969,17910,4470
mahalia,2011-08-11 01:03:28+08:00,889,84852,17482
michaelkiwanuka,2010-11-30 08:05:59+08:00,207,71897,2660
flohio16,2009-04-22 05:22:03+08:00,274,3361,12538
kojaque,2014-12-30 00:06:31+08:00,389,12187,6008
AceCollectionJP,2017-10-20 00:26:53+08:00,0,39123,937
Im__AnnMarie,2012-09-15 23:41:22+08:00,508,154717,66240
delrecords,2010-05-21 05:11:11+08:00,1387,186913,57709
omarapollo,2012-12-27 03:06:10+08:00,270,112591,2210
iylablue,2009-05-01 11:20:34+08:00,108,14059,13095
tonesandimusic,2019-02-13 13:21:36+08:00,67,25369,686
DaBabyDaBaby,2015-01-30 12:07:26+08:00,3,4365695,7233
halfaliveco,2012-10-30 13:05:25+08:00,20,37202,708
MauYRicky,2009-04-27 13:48:43+08:00,7286,790924,17257
1GunnaGunna,2016-10-19 23:11:02+08:00,37,2012935,5934
CigsAfterSexx,2015-10-22 11:51:11+08:00,101,341350,382
MelanieLBBH,2012-07-18 03:13:14+08:00,24,1280378,177
jessesaintjohn,2016-03-13 13:35:01+08:00,924,10127,3237
gracepotter,2009-04-09 07:50:56+08:00,290,112313,6826
summer_sonic,2010-02-25 14:34:47+08:00,9,193466,6159
darkskinmanson,2009-12-31 09:55:30+08:00,775,186058,4080
arloparks,2018-11-22 20:59:40+08:00,253,34791,2074
SSION,2009-03-25 02:00:28+08:00,767,9637,197
googleespanol,2009-05-07 20:55:16+08:00,272,168746,10533
googlemexico,2009-07-09 02:55:18+08:00,237,176209,10680
fujirock_jp,2010-02-25 20:37:41+08:00,160,214387,6838
QueenWillRock,2009-12-23 09:41:06+08:00,253,2125417,9696
amandashires,2009-01-09 08:08:13+08:00,1550,93879,13408
brandicarlile,2012-03-13 03:59:51+08:00,456,149393,3512
TheHighwomen,2018-11-18 08:50:17+08:00,19,49998,33
Alanis,2008-11-15 08:36:36+08:00,281,552457,2026
JuiceWorlddd,2015-09-25 10:58:30+08:00,470,1741471,16391
NBSslimmyb,2013-05-30 14:14:30+08:00,401,47275,2924
AndersonPaak,2009-12-19 04:02:21+08:00,2540,585803,6807
Nirvana,2009-08-24 21:53:37+08:00,69,984549,1080
GoldLink,2011-10-11 04:29:01+08:00,1,79941,317
jimmyeatworld,2008-06-04 00:29:21+08:00,139,2382223,6844
TheRealGrimmie,2010-08-01 03:00:18+08:00,3498,691213,15515
SOBxRBE,2017-04-01 01:50:22+08:00,438,50637,2396
MarkRonson,2009-06-01 05:43:03+08:00,802,559657,7172
Skepta,2009-03-11 09:31:36+08:00,615,1173478,34737
Mabel,2015-07-08 03:09:45+08:00,435,159898,3598
gracejones,2011-10-05 01:29:03+08:00,1069,64635,493
theestallion,2010-01-12 10:17:58+08:00,375,7034609,35139
backstreetboys,2008-02-25 13:21:19+08:00,61984,1041056,19804
LilNasX,2016-07-16 01:36:29+08:00,764,7405103,11424
LILBTHEBASEDGOD,2009-05-05 10:41:57+08:00,1396583,1250258,253149
LewisCapaldi,2011-09-09 03:36:14+08:00,301,1386373,36622
MichaelBrun,2010-01-08 00:07:26+08:00,668,66739,3280
thelumineers,2010-09-03 01:08:28+08:00,1662,470778,6678
YouTubeEspanol,2009-06-16 20:34:13+08:00,253,2374064,8576
alt_J,2011-05-20 17:36:51+08:00,607,459803,3123
ScHoolboyQ,2009-03-04 12:57:56+08:00,1810,2606733,22848
rosalia,2013-09-04 22:48:54+08:00,37,2816808,5709
TWFTonyWilliams,2010-02-24 04:15:19+08:00,926,16950,13332
inglewoodSiR,2009-06-05 03:27:33+08:00,985,131173,12187
tumabasa,2009-03-05 23:51:24+08:00,1465,74989,23648
sonymusic,2009-04-01 03:38:27+08:00,1721,725565,27088
DraxProject,2013-08-10 20:54:12+08:00,213,4763,1132
flumemusic,2011-05-13 16:46:28+08:00,570,478230,2347
kennybeats,2009-05-17 23:58:34+08:00,690,418408,1367
conangray,2013-12-02 10:25:10+08:00,0,1213845,9705
TiwaSavage,2009-05-09 12:29:32+08:00,2765,4954023,40660
Rhino_Records,2009-01-22 03:17:01+08:00,1698,108914,17225
lollapalooza,2008-07-15 01:21:12+08:00,1437,511804,10076
Santandave1,2012-03-29 05:59:12+08:00,1220,742873,3366
therealjuicyj,2009-03-14 06:59:30+08:00,1656,2795813,46534
wizkhalifa,2009-02-08 01:59:34+08:00,874,36310253,49050
YouTubeIndia,2010-08-19 22:02:35+08:00,423,1348387,18497
IAMSUMMERWALKER,2010-10-09 09:08:41+08:00,163,1447050,2362
ItsBennyBlanco,2009-03-07 00:26:08+08:00,306,142427,13674
2chainz,2010-09-01 11:05:30+08:00,723,4459137,35966
JheneAiko,2009-02-19 06:17:46+08:00,2,2854421,800
THEREALSWIZZZ,2009-03-18 12:28:05+08:00,3409,2483627,33053
baileymyown,2013-07-31 17:21:47+08:00,326,6279,4300
defjam,2009-02-27 08:26:15+08:00,252,1028851,82680
MarcAnthony,2011-02-19 07:59:54+08:00,804,11302351,7438
QuavoStuntin,2011-09-29 01:58:30+08:00,355,3605335,15876
officialgiggs,2011-08-08 21:19:45+08:00,5202,362007,18044
arizona,2014-12-29 05:56:26+08:00,6483,25795,3548
jonasbrothers,2009-03-14 07:53:18+08:00,2204,4771107,8540
Callmecadet,2010-12-04 10:41:26+08:00,513,44480,46385
KreptandKonan,2011-09-09 07:53:30+08:00,32,72343,1503
kreptplaydirty,2010-01-05 08:52:00+08:00,930,286764,3975
NaughtyBoyMusic,2010-03-01 07:52:47+08:00,3095,195190,18323
SonyMusicUK,2010-02-05 22:13:11+08:00,2039,102266,18235
JorjaSmith,2014-06-27 04:02:11+08:00,0,429054,4086
kanebrown,2013-06-02 14:06:58+08:00,14104,1752763,4348
lukecombs,2009-09-14 11:40:31+08:00,614,875027,10135
OffsetYRN,2011-12-05 01:53:24+08:00,424,3829726,18467
idlesband,2010-06-07 22:35:08+08:00,40,77702,304
keepcool,2018-01-31 00:57:19+08:00,109,7546,1552
rkyncl,2010-07-06 09:56:58+08:00,302,24240,1243
MariahCarey,2009-01-21 02:08:51+08:00,188,21624669,10303
cher,2010-03-18 07:05:55+08:00,192,3947692,34663
therulernyc,2015-05-19 01:35:17+08:00,106,27175,1518
ONEOKROCK_japan,2010-01-23 20:50:12+08:00,52,1693431,1711
YouTubeJapan,2010-02-04 00:53:12+08:00,1008,378597,18566
tenilletownes,2010-10-15 09:52:31+08:00,1621,22267,10668
Madonna,2012-03-03 10:37:57+08:00,45,2732438,4420
Diddy,2008-12-19 01:52:09+08:00,1736,15436518,424
RITUAL_MUSIC,2014-02-26 21:31:06+08:00,797,3102,2247
YoungMoneySite,2009-12-21 01:40:15+08:00,664,394987,23250
souljaboy,2008-10-18 01:09:15+08:00,317,5405688,127805
blogotheque,2008-04-24 16:48:36+08:00,881,267382,9184
ParlophoneFR,2009-04-01 18:17:21+08:00,528,35087,8652
TEYANATAYLOR,2009-03-11 09:53:22+08:00,1065,1433001,41857
bmthofficial,2009-03-11 19:25:10+08:00,317,1905770,8346
coachella,2007-01-24 04:11:53+08:00,4,955720,4346
brothersosborne,2012-06-26 09:09:54+08:00,107,201489,11742
KaceyMusgraves,2009-04-14 02:38:38+08:00,323,977092,1748
Tip,2010-02-26 23:47:13+08:00,723,9150086,19873
juliamichaels,2009-11-14 02:53:55+08:00,434,245109,22018
KojeyRadical,2010-11-27 04:38:28+08:00,152,18248,50432
coldplay,2009-01-11 19:04:45+08:00,773,23473995,8891
fosterthepeople,2010-02-23 18:38:52+08:00,14355,904897,6092
TDCinemaClub,2009-07-06 20:10:38+08:00,212,410502,5814
tameimpala,2008-09-25 05:37:29+08:00,164,593477,994
DermotKennedy,2010-05-24 19:08:52+08:00,64,98543,4048
foals,2010-03-23 00:37:03+08:00,354,362197,2847
lennonstella,2016-05-07 00:25:57+08:00,66,67553,1029
springsteen,2009-05-30 02:46:10+08:00,41,1337455,4458
UMGSA,2011-11-22 15:38:16+08:00,2008,97998,60368
NigelSylvester,2009-08-16 12:21:47+08:00,1200,36930,26475
wengie,2009-04-15 13:08:38+08:00,504,134316,10065
ygofficialblink,2017-06-23 18:53:32+08:00,9,7594893,1951
Lido,2013-11-25 05:42:40+08:00,420,76472,1956
BRITs,2009-11-08 23:37:11+08:00,1055,744330,18316
DollyParton,2008-05-16 04:00:06+08:00,45,5307348,2644
ThomasRhett,2009-09-19 10:21:56+08:00,4776,2412444,6451
KelseaBallerini,2009-06-05 10:04:53+08:00,534,1078365,17392
MarenMorris,2009-02-17 02:33:18+08:00,101,801585,4539
TeamAriana,2013-07-24 05:17:22+08:00,457,467704,2478
SusanWojcicki,2008-08-13 05:24:11+08:00,374,326035,1775
MeekMill,2009-02-11 11:15:04+08:00,1490,10967537,16358
MomAndPopMusic,2009-03-16 23:28:28+08:00,1772,22926,10822
googlearts,2011-02-08 10:31:38+08:00,1793,163928,11517
ASAPMOB,2011-10-20 17:49:44+08:00,9781,649713,13528
musicbizworld,2011-08-29 21:53:42+08:00,0,26392,9684
QuincyDJones,2009-04-29 02:25:45+08:00,3021,552835,4672
jagjaguwar,2008-11-25 05:37:22+08:00,2477,71702,28757
unofficialTHEY,2015-08-07 06:30:16+08:00,51,46880,3765
kodieshane,2011-02-27 11:06:37+08:00,317,52540,17051
piso21music,2009-08-30 03:16:01+08:00,3747,443975,29827
JLo,2009-10-28 00:24:51+08:00,1816,45171788,17301
copelandband,2008-10-31 02:53:53+08:00,100,25206,983
ManuelTurizoMTZ,2017-09-20 02:54:25+08:00,32,247539,1067
qveenherby,2012-06-03 01:18:36+08:00,354,63934,5506
sushitrash,2014-06-21 10:55:15+08:00,1,1625779,245
TheStruts,2010-05-13 23:24:05+08:00,27,76675,11383
MrJacobBanks,2009-09-16 11:01:24+08:00,684,39343,38166
88rising,2016-03-18 22:43:07+08:00,293,549264,8597
Epic_Records,2009-06-13 04:29:48+08:00,5486,394159,23466
theacesofficial,2016-01-26 05:26:31+08:00,516,32560,3305
andrewmcmahon,2010-08-18 01:49:31+08:00,85,67676,9308
ColumbiaRecords,2009-06-19 05:54:39+08:00,674,716949,39268
HaileeSteinfeld,2011-07-29 23:38:23+08:00,190,1146547,5421
SabrinaAnnLynn,2009-08-08 04:46:30+08:00,5363,1623870,14559
alessiacara,2010-06-25 04:22:49+08:00,1235,1260546,7089
RocNation,2008-09-21 02:59:33+08:00,3594,520541,32938
RepublicRecords,2010-05-27 01:24:35+08:00,457,205456,55246
lyorcohen,2010-01-05 10:50:20+08:00,68,25864,110
nineinchnails,2009-03-10 13:09:35+08:00,76,420319,1605
IslandRecords,2008-09-03 00:09:28+08:00,172684,632050,39352
Interscope,2009-05-09 01:52:15+08:00,207125,750203,35565
islandrecordsuk,2009-02-18 02:14:06+08:00,789,269651,15203
samfendermusic,2013-04-18 03:10:59+08:00,434,146181,3784
hyukohh,2014-05-01 23:56:35+08:00,0,55645,1060
YouTubeInsider,2018-09-08 01:44:52+08:00,299,20289,527
madilyn,2010-02-16 11:25:55+08:00,3718,185618,27830
RCARecords,2008-12-16 02:43:20+08:00,1458,460166,25975
kanyewest,2010-07-23 07:00:05+08:00,212,30600487,1911
Astralwerks,2009-01-25 01:37:01+08:00,250,24603,45725
PistolAnnies,2011-03-16 06:58:24+08:00,82,198791,950
burnaboy,2010-11-13 05:52:05+08:00,1032,5590352,60901
sanholobeats,2011-07-30 19:43:05+08:00,8471,147863,28849
Casey,2010-06-11 01:54:33+08:00,2945,2087872,30426
EarthWindFire,2009-09-23 23:57:26+08:00,210,108233,6807
MumfordAndSons,2012-09-26 17:59:17+08:00,38,635351,1796
HunterHayes,2009-03-13 02:14:33+08:00,158,1401381,5592
carlosvives,2009-09-27 16:34:25+08:00,2465,5255555,27516
tigersjaw,2009-05-19 20:42:52+08:00,562,62869,9263
TeamYouTube,2015-02-20 02:37:53+08:00,1462,1260923,1399824
MaddieLarkin,2011-06-10 07:02:31+08:00,164,1793,2241
MikeWiLLMadeIt,2009-06-15 16:21:24+08:00,510,748773,103211
TroubleDTE,2010-09-12 06:49:19+08:00,242,109679,32520
lilmiquela,2016-04-01 15:15:01+08:00,418,30301,6235
TheBlaze_Prod,2017-02-06 23:24:49+08:00,34,6044,209
EmpressOf,2012-05-15 05:03:08+08:00,203,20099,7008
Bas,2009-01-10 14:49:58+08:00,980,307876,31621
JColeNC,2009-01-16 01:08:04+08:00,416,14121036,2855
itsthanh,2008-09-22 12:04:23+08:00,470,2929,2159
AngelaCourtin,2011-07-08 22:52:58+08:00,1134,2569,1930
poppy,2011-02-01 06:12:04+08:00,2,258220,350
AMAs,2009-07-01 06:04:29+08:00,2941,1676837,17307
ninanesbitt,2009-06-27 20:48:34+08:00,931,183464,54580
TankandDaBangas,2012-09-06 02:39:40+08:00,1470,19274,5664
coleswindell,2011-01-06 07:11:47+08:00,7990,711279,22947
YouTubeMexico,2016-03-10 09:49:57+08:00,404,308257,11167
JoyceManor,2010-10-28 12:11:11+08:00,422,48074,6104
vampireweekend,2010-05-15 06:29:06+08:00,63,303971,112
maggierogers,2013-09-30 02:33:14+08:00,492,159237,6289
Interruptweets,2012-09-25 15:12:06+08:00,1570,34720,5487
lelepons,2013-11-21 05:19:25+08:00,36133,1860606,1998
SebastianYatra,2012-12-23 05:44:24+08:00,202,1764817,12261
SwaeLee,2010-09-12 15:38:09+08:00,343,872570,26751
RichHomieQuan,2011-05-03 22:38:58+08:00,994,1157077,28018
awonderland,2009-03-25 14:08:44+08:00,564,329190,46438
youngthug,2011-01-16 08:19:08+08:00,779,5703479,50062
masonramsey,2018-04-02 10:19:28+08:00,57,294621,782
lizzo,2011-06-25 03:59:38+08:00,260,1755032,19870
ciara,2009-04-05 07:53:24+08:00,56,11537962,11946
MissyElliott,2010-05-19 11:42:32+08:00,11439,6909860,85000
thatgirlbishop,2015-09-22 12:48:54+08:00,941,66228,16403
Timbaland,2010-10-26 17:20:54+08:00,401,1601542,13363
LAFC,2014-10-22 21:59:47+08:00,779,282172,20454
nprmusic,2008-02-22 03:33:37+08:00,989,743508,54343
Grimezsz,2011-04-03 23:32:54+08:00,1073,1236957,3220
FKAtwigs,2012-08-10 05:57:26+08:00,3,443004,1167
ellamai,2015-03-04 22:48:50+08:00,287,1480280,6034
bazzi,2011-03-24 06:36:48+08:00,157,406205,17465
afropunk,2008-09-23 22:38:16+08:00,1177,100430,33613
OkayAfrica,2009-11-24 07:51:39+08:00,1926,112165,48156
robynkonichiwa,2009-02-02 19:25:50+08:00,305,358864,4299
YouTubeSpaceLA,2013-04-24 03:53:25+08:00,3773,105543,5744
queennaija,2018-01-08 01:24:12+08:00,38,1827333,7346
DanAndShay,2013-04-25 22:25:02+08:00,4066,581939,25317
GOT7Official,2012-05-07 12:35:54+08:00,10,9632791,11344
JYPETWICE_JAPAN,2016-12-06 14:21:26+08:00,4,2603563,1813
perfumegenius,2009-04-14 13:52:42+08:00,1182,989252,8916
maluma,2010-06-08 22:51:21+08:00,116,7800185,20379
NickyJamPR,2011-02-04 04:41:50+08:00,409,3977811,9496
JBALVIN,2009-06-05 01:41:41+08:00,536,10138940,31465
RollingStone,2008-05-15 10:52:27+08:00,405,6339124,159849
YouTubeSpaceNY,2014-04-12 03:52:53+08:00,660,40656,2756
smashmouth,2011-01-07 08:19:49+08:00,4790,108150,16919
twentyonepilots,2009-07-23 09:53:43+08:00,2,4100172,3454
cleanbandit,2009-10-20 06:56:54+08:00,950,413797,11020
Meghan_Trainor,2011-02-20 11:07:43+08:00,3034,2014547,13328
bts_bighit,2013-05-07 17:13:05+08:00,25,34709182,9776
rudymancuso,2009-12-11 12:47:43+08:00,51105,928111,231
Dazed,2008-07-04 21:38:25+08:00,10184,1243139,96432
bigfreedia,2009-06-23 17:20:07+08:00,12150,82622,7273
IGGYAZALEA,2010-06-09 14:10:41+08:00,1440,7702006,9338
solangeknowles,2008-12-27 04:54:15+08:00,146,4114732,597
QueensChristine,2011-02-19 19:47:55+08:00,398,593761,12221
RitaOra,2009-03-31 04:49:02+08:00,1668,6565455,13999
BebeRexha,2009-03-28 07:51:16+08:00,3520,2086133,10654
adultmomband,2009-03-04 09:25:50+08:00,1879,24915,29445
AngelOlsen,2013-11-04 17:25:40+08:00,377,66436,970
Jbrekkie,2015-02-24 14:05:43+08:00,517,101325,10164
mitskileaks,2014-01-11 03:29:06+08:00,5520,228607,125
broodsmusic,2013-08-01 15:33:18+08:00,276,47823,2281
boniver,2010-02-19 06:31:29+08:00,201,749026,1580
ToveLo,2012-06-21 04:01:51+08:00,620,367356,4560
bastille,2009-02-21 05:07:37+08:00,150,1356031,18134
HAIMtheband,2010-03-26 21:59:02+08:00,433,1187278,3709
hernameisBANKS,2012-12-18 07:51:21+08:00,430,440122,3424
iambeckyg,2010-03-31 06:06:16+08:00,13408,3554784,31346
JohnMayer,2011-07-15 04:48:57+08:00,573,1401146,2799
Jessiereyez,2011-07-26 03:45:02+08:00,593,142260,6137
Kehlani,2016-09-17 03:09:42+08:00,1107,2765350,7084
kimpetras,2009-04-16 18:37:35+08:00,17779,192562,11228
KingPrincess69,2011-12-04 11:10:33+08:00,107,153988,1627
richthekid,2009-11-27 07:39:46+08:00,49,2350261,338797
morgansaint,2013-01-15 08:23:26+08:00,192,4741,4916
KITTENTHEBAND,2009-08-06 01:38:48+08:00,983,16983,13088
teganandsara,2009-02-20 09:32:01+08:00,2925,556228,23009
lights,2008-09-05 21:22:39+08:00,479,637448,24371
girlpool,2012-08-17 11:57:30+08:00,199,23460,3353
YoungMAMusic,2014-06-10 21:20:54+08:00,71,409689,4335
Jason_Aldean,2008-05-16 04:22:17+08:00,127,3714075,18740
AnneMarie,2011-07-22 00:14:57+08:00,678,1093543,22805
theglitchmob,2008-09-06 08:52:51+08:00,1367,455530,22906
MaleekBerry,2009-03-13 00:02:21+08:00,2293,484424,67305
MaggieLindemann,2013-07-22 08:04:27+08:00,5173,496685,14529
mikeshinoda,2009-08-18 07:44:28+08:00,662,1011544,7846
Genius,2009-09-07 00:51:14+08:00,1868,1698329,24555
IBGDRGN,2012-07-17 05:48:58+08:00,8,8630817,4802
yearsandyears,2010-07-26 02:03:35+08:00,516,598820,6621
george_ezra,2012-04-20 06:20:27+08:00,498,684469,13123
the1975,2012-04-05 05:08:26+08:00,241,2054646,6919
MattSteffanina,2009-05-19 23:26:31+08:00,685,219826,16502
JesseMcCartney,2009-03-14 07:57:11+08:00,371,715973,4714
RealRemyMa,2009-02-17 06:29:05+08:00,67,432790,2725
xtina,2011-03-19 03:41:39+08:00,46,16690713,2783
louisa,2011-09-11 05:48:14+08:00,982,285922,38536
trvisXX,2010-04-20 11:25:10+08:00,690,11329096,1216
mattandkim,2008-12-13 02:19:22+08:00,3030,93686,7408
tovestyrke,2010-03-16 21:01:00+08:00,238,16615,3844
21savage,2011-03-03 14:42:26+08:00,32,4441084,13440
PostMalone,2012-10-30 11:36:07+08:00,2810,6933321,7677
SuperDuperKyle,2010-03-15 12:10:56+08:00,564,291907,28938
davidbisbal,2009-07-16 02:47:03+08:00,906,9949623,18958
tokenhiphop,2012-07-15 06:29:26+08:00,404,82337,13498
sc,2008-11-23 01:36:14+08:00,0,3058459,269
Alesso,2010-04-06 21:27:04+08:00,321,2115829,7519
CNCOmusic,2015-12-11 02:59:43+08:00,465,1556899,15574
MTV,2007-03-27 06:30:49+08:00,30310,17059440,304287
JanelleMonae,2008-01-15 19:59:23+08:00,628,1238396,19441
donaldglover,2009-01-21 15:32:47+08:00,0,2585290,22
thelittleidiot,2008-04-22 01:53:55+08:00,2013,1124317,16284
whydontwemusic,2016-09-21 08:42:30+08:00,1391,792574,4205
JackAndJack,2014-06-22 05:03:16+08:00,48,1490197,5875
wallowsmusic,2017-03-29 08:01:37+08:00,211,328980,2123
ParisHilton,2009-03-18 02:45:05+08:00,13001,16822519,23109
maddecent,2008-11-26 05:47:22+08:00,1704,180922,25493
madisonbeer,2011-01-02 22:52:35+08:00,31854,3255947,17654
JamesBayMusic,2012-11-21 05:30:34+08:00,297,402809,7223
RoryKramer,2009-10-27 02:47:50+08:00,244,52358,15329
MAJORLAZER,2009-04-12 04:04:48+08:00,652,1878922,17253
djsnake,2009-03-01 09:13:17+08:00,3341,1794934,25759
Mansionair,2014-03-10 08:33:47+08:00,610,6093,3680
jamesvmcmorrow,2009-10-10 22:11:35+08:00,58,47399,11344
chloexhalle,2010-09-11 09:58:41+08:00,975,1132223,32752
lesliegrace,2010-07-12 11:32:41+08:00,3393,100353,19653
LILUZIVERT,2013-07-17 08:53:57+08:00,31,8562996,14342
blakeshelton,2008-05-27 21:43:08+08:00,661,19888199,12663
deadmau5,2009-03-02 05:59:41+08:00,638,3442100,43591
mirandalambert,2009-04-24 05:37:36+08:00,245,6788983,5569
carrieunderwood,2011-10-07 06:36:16+08:00,446,8238573,5572
Zedd,2010-06-15 05:53:37+08:00,539,7742082,35015
tiesto,2009-05-15 06:18:51+08:00,744,4799659,32972
ArcticMonkeys,2009-06-22 22:04:55+08:00,0,1710911,717
lukebryan,2008-10-31 05:14:38+08:00,10529,9401345,8037
petewentz,2008-09-13 05:34:37+08:00,450,6113840,19510
brendonurie,2009-04-01 05:44:48+08:00,391,2125669,3570
AllTimeLow,2010-03-13 05:38:20+08:00,27265,1589047,8382
1future,2009-06-28 22:34:38+08:00,746,7040452,14291
YG,2009-04-07 06:09:38+08:00,486,3369447,36426
ChrisStapleton,2009-06-26 23:41:06+08:00,2,321984,265
HollisBrown,2008-07-30 10:00:33+08:00,144,4944,13759
Adele,2010-08-31 03:53:19+08:00,1,26741874,327
KentJonesWTB,2011-11-06 07:33:53+08:00,549,41477,6779
Sunflower_Bean,2014-05-31 04:19:37+08:00,282,12068,2721
maroon5,2009-03-17 22:13:03+08:00,482,14260239,7351
carlyraejepsen,2009-03-17 15:10:51+08:00,75680,9632882,7096
zaralarsson,2012-11-23 22:19:11+08:00,3105,1494183,3597
eltonofficial,2010-08-04 17:16:48+08:00,21,1066231,7310
aliciakeys,2009-04-25 08:46:24+08:00,758,30010557,10092
JYPETWICE,2015-04-02 13:43:40+08:00,42,8989445,9428
britneyspears,2008-09-23 04:47:35+08:00,366093,55623390,5720
Hozier,2011-03-11 08:48:12+08:00,647,947119,4233
AvrilLavigne,2009-09-14 06:43:00+08:00,158,20678595,4239
sza,2011-02-24 15:55:33+08:00,517,5405572,8482
markhoppus,2009-02-26 09:54:14+08:00,684,2725095,2997
5SOS,2011-03-11 18:18:46+08:00,27851,12616702,28213
LittleMix,2011-09-26 23:50:00+08:00,26946,11940961,34695
djkhaled,2009-03-31 00:29:14+08:00,2032,5299640,96437
pitbull,2009-04-17 00:03:02+08:00,2313,25197189,8425
ladygaga,2008-03-27 06:37:48+08:00,118906,83806729,9657
50cent,2008-12-19 03:18:49+08:00,22,12586553,17186
SnoopDogg,2007-03-31 03:05:42+08:00,2687,19334493,41803
Eminem,2009-03-06 00:33:48+08:00,0,22524997,1104
GreenDay,2009-08-23 06:05:41+08:00,179,4910889,2507
paramore,2009-05-28 08:20:32+08:00,2,5407158,5749
linkinpark,2009-01-23 09:05:42+08:00,124,5884237,6561
blink182,2007-06-12 16:20:09+08:00,185,1604054,6428
NeckDeepUK,2012-06-11 05:41:52+08:00,364,222053,15017
samsmith,2012-01-07 23:05:53+08:00,1304,8014917,14650
jtimberlake,2009-03-26 03:10:50+08:00,327,63336219,4340
justinbieber,2009-03-29 00:41:22+08:00,286527,114049589,31380
taylorswift13,2008-12-06 18:10:54+08:00,0,88917077,692
ShawnMendes,2011-09-25 06:29:41+08:00,54903,26681015,15368
ArianaGrande,2009-04-23 10:56:31+08:00,55624,84596310,47028
theweeknd,2011-02-21 15:45:45+08:00,3,15182603,4045
PRETTYMUCH,2016-09-16 07:37:34+08:00,6731,168562,4227
Migos,2011-08-11 21:00:19+08:00,8,3543032,99344
MAXMusic,2010-02-26 12:17:56+08:00,5351,734560,1245
enriqueiglesias,2009-06-12 02:27:04+08:00,2541,13868570,6169
jason_mraz,2009-01-15 19:16:33+08:00,47,5303464,4686
daddy_yankee,2009-04-30 05:15:16+08:00,97,14934302,22889
HayleyKiyoko,2008-09-11 09:01:15+08:00,3435,554854,10322
lauvsongs,2015-03-02 19:59:43+08:00,813,1186978,6584
KygoMusic,2013-10-10 20:18:57+08:00,255,472599,1768
KeshaRose,2009-03-24 05:07:57+08:00,1385,3209301,8052
R3HAB,2009-02-17 00:49:00+08:00,1346,1048183,29518
kellyclarkson,2009-03-11 08:29:20+08:00,144,12104659,9055
Usher,2009-05-19 00:36:50+08:00,565,12001237,6169
Logic301,2010-05-09 21:41:46+08:00,844,2328104,74538
iamblackbear,2008-11-13 21:10:19+08:00,1351,1998844,3976
MartinGarrix,2010-04-18 04:56:22+08:00,1072,8532964,16820
IAmAlanWalker,2014-06-12 01:03:23+08:00,645,815134,2557
gwenstefani,2009-04-02 06:06:42+08:00,1091,2704931,5898
FrencHMonTanA,2009-01-06 08:34:55+08:00,3447,3014233,32285
elliegoulding,2009-02-11 10:15:58+08:00,604,6414076,18117
DNCE,2015-08-11 07:49:10+08:00,194,278827,3311
johnlegend,2008-12-19 07:42:30+08:00,1447,13873884,15895
charlieputh,2008-08-22 22:31:05+08:00,1633,3233874,1307
AllyBrooke,2009-03-31 09:00:36+08:00,8129,2742805,21391
Normani,2010-10-28 18:25:13+08:00,15298,3317150,14700
dinahjane97,2011-03-02 06:32:53+08:00,14471,2443646,27161
CalvinHarris,2009-01-05 14:17:35+08:00,3065,11964233,136
BrunoMars,2009-12-29 21:07:04+08:00,93,43148237,4862
beamiller,2010-02-15 11:52:23+08:00,2308,714953,5430
adamlevine,2009-07-21 01:12:25+08:00,13482,7977107,5979
tylerthecreator,2010-07-15 06:32:25+08:00,105,8860551,41329
wearegalantis,2012-03-03 23:33:30+08:00,572,253884,7825
NICKIMINAJ,2009-04-28 00:36:43+08:00,5727,23096106,42361
tydollasign,2009-03-23 10:10:19+08:00,2420,1713008,15570
st_vincent,2009-01-01 06:38:53+08:00,204,1006578,3952
PanicAtTheDisco,2008-09-10 07:11:20+08:00,680,2928221,3960
falloutboy,2008-09-10 07:06:13+08:00,10277,3060379,5114
Skrillex,2009-01-10 11:49:35+08:00,1212,5987167,14272
troyesivan,2009-07-03 17:00:57+08:00,3442,9039322,18327
Sia,2009-03-10 04:40:56+08:00,347,567070,10825
selenagomez,2009-03-09 08:16:45+08:00,1083,65274199,5321
Drake,2009-03-28 15:17:46+08:00,608,39314173,1788
katyperry,2009-02-21 07:45:56+08:00,237,108764483,11462
Pink,2009-04-04 09:16:34+08:00,467,31614151,8088
rihanna,2009-10-03 05:37:33+08:00,1003,103369211,10594
NERDarmy,2009-03-03 13:45:50+08:00,4,145872,194
Pharrell,2011-07-19 10:08:57+08:00,1097,10671610,4694
MOMOMOYOUTH,2010-11-15 01:33:33+08:00,572,238420,7146
noahcyrus,2010-06-08 04:51:32+08:00,1393,619593,8272
MileyCyrus,2011-03-19 02:36:02+08:00,396,46406458,11882
Miguel,2009-08-07 17:42:59+08:00,670,987902,24433
marshmellomusic,2015-01-21 04:25:20+08:00,1021,2433069,9615
majidjordan,2013-06-16 08:09:31+08:00,93,299251,889
LuisFonsi,2009-03-16 22:58:39+08:00,314,9729318,11660
lorde,2011-08-15 12:30:08+08:00,99,7253819,0
thegreatkhalid,2013-09-11 06:45:28+08:00,1321,4977446,53544
lilyachty,2010-08-06 07:34:12+08:00,740,5472954,51405
LilTunechi,2010-02-22 13:29:44+08:00,56,34840055,2451
zaynmalik,2010-08-10 05:54:10+08:00,1964,31079812,3688
Harry_Styles,2010-08-22 22:19:06+08:00,1821,37074630,5587
Louis_Tomlinson,2009-10-22 16:58:11+08:00,3486,35956548,7566
NiallOfficial,2010-01-15 20:14:24+08:00,5750,41372208,18115
LiamPayne,2010-06-22 18:19:08+08:00,14652,34755160,11569
kendricklamar,2009-03-10 13:44:26+08:00,510,11562834,4229
BTS_twt,2011-07-14 14:32:56+08:00,135,40637374,12756
TheChainsmokers,2009-05-01 03:21:00+08:00,2185,3344294,557
halsey,2009-06-09 07:58:35+08:00,3044,14493571,16381
hansonmusic,2008-11-27 01:47:36+08:00,315,139685,9471
jizziemcguire,2011-09-29 13:12:42+08:00,634,169667,2413
GraceVanderWaal,2016-03-08 04:05:49+08:00,95,270377,4337
DUALIPA,2010-06-10 19:04:31+08:00,1172,8808376,1414
DillonFrancis,2009-01-26 12:56:05+08:00,1245,1038984,7209
kevinjonas,2010-01-13 06:09:15+08:00,1751,5250948,9530
jaden,2011-03-09 03:41:06+08:00,200,8025951,6312
joejonas,2010-01-13 03:29:00+08:00,84,10052092,11278
nickjonas,2009-07-15 03:07:05+08:00,634,14279819,6188
ddlovato,2009-02-18 02:02:08+08:00,0,54523558,17794
CheatCodesMusic,2014-09-30 06:08:37+08:00,861,79968,8872
charli_xcx,2010-01-08 23:35:15+08:00,886,3606966,14213
chancetherapper,2010-08-22 22:51:53+08:00,3097,8148555,52268
iamcardib,2012-10-08 04:53:16+08:00,217,19518277,29792
brckhmptn,2014-12-02 18:02:11+08:00,16,473913,129
FifthHarmony,2012-10-11 03:28:02+08:00,22278,4617092,13377
LaurenJauregui,2011-08-29 08:34:29+08:00,11601,4317306,16375
steveaoki,2008-10-28 19:19:27+08:00,5305,8209549,46159
billieeilish,2013-10-23 13:51:13+08:00,0,6376344,882
BigSean,2008-12-06 11:17:02+08:00,2188,14290393,21087
diplo,2008-11-05 08:26:03+08:00,5122,2487269,72480
Beyonce,2009-04-15 05:56:04+08:00,10,15502174,19
G_Eazy,2008-12-07 13:26:22+08:00,957,3394070,32478
Camila_Cabello,2012-08-06 11:46:40+08:00,15010,12575964,13883
YouTube,2007-11-14 05:43:46+08:00,1201,73603194,38484
YouTubeTV,2016-11-28 23:46:30+08:00,294,281622,14940
YouTubeCreators,2011-01-18 18:58:51+08:00,2075,6444826,24222
YouTubeGaming,2015-05-27 23:56:55+08:00,897,1861479,16498
