date,created_at,num_of_tweet,favourite_count,followers_count,friends_count,profile_img,location
2021-08-25,2008-11-07 20:14:28+08:00,35742,13512,4436995,17772,https://pbs.twimg.com/profile_images/1013614110171250688/vrPUCDn2.jpg,
2021-08-26,2008-11-07 20:14:28+08:00,35754,13521,4439141,17772,https://pbs.twimg.com/profile_images/1013614110171250688/vrPUCDn2.jpg,
2021-08-27,2008-11-07 20:14:28+08:00,35765,13533,4441746,17772,https://pbs.twimg.com/profile_images/1013614110171250688/vrPUCDn2.jpg,
2021-08-28,2008-11-07 20:14:28+08:00,35776,13540,4445681,17769,https://pbs.twimg.com/profile_images/1013614110171250688/vrPUCDn2.jpg,
2021-08-29,2008-11-07 20:14:28+08:00,35776,13541,4448187,17769,https://pbs.twimg.com/profile_images/1013614110171250688/vrPUCDn2.jpg,
2021-08-30,2008-11-07 20:14:28+08:00,35780,13547,4450922,17770,https://pbs.twimg.com/profile_images/1013614110171250688/vrPUCDn2.jpg,
2021-08-31,2008-11-07 20:14:28+08:00,35793,13553,4452653,17768,https://pbs.twimg.com/profile_images/1013614110171250688/vrPUCDn2.jpg,
2021-09-01,2008-11-07 20:14:28+08:00,35797,13557,4454785,17771,https://pbs.twimg.com/profile_images/1013614110171250688/vrPUCDn2.jpg,
2021-09-02,2008-11-07 20:14:28+08:00,35816,13552,4456846,17771,https://pbs.twimg.com/profile_images/1013614110171250688/vrPUCDn2.jpg,
2021-09-03,2008-11-07 20:14:28+08:00,35831,13557,4458463,17771,https://pbs.twimg.com/profile_images/1013614110171250688/vrPUCDn2.jpg,
2021-09-04,2008-11-07 20:14:28+08:00,35844,13570,4462430,17771,https://pbs.twimg.com/profile_images/1013614110171250688/vrPUCDn2.jpg,
2021-09-05,2008-11-07 20:14:28+08:00,35847,13570,4464859,17771,https://pbs.twimg.com/profile_images/1013614110171250688/vrPUCDn2.jpg,
2021-09-06,2008-11-07 20:14:28+08:00,35847,13570,4466785,17770,https://pbs.twimg.com/profile_images/1013614110171250688/vrPUCDn2.jpg,
2021-09-07,2008-11-07 20:14:28+08:00,35846,13569,4467815,17772,https://pbs.twimg.com/profile_images/1013614110171250688/vrPUCDn2.jpg,
2021-09-08,2008-11-07 20:14:28+08:00,35853,13572,4469396,17772,https://pbs.twimg.com/profile_images/1013614110171250688/vrPUCDn2.jpg,
2021-09-09,2008-11-07 20:14:28+08:00,35859,13574,4470601,17774,https://pbs.twimg.com/profile_images/1013614110171250688/vrPUCDn2.jpg,
2021-09-10,2008-11-07 20:14:28+08:00,35881,13582,4472010,17773,https://pbs.twimg.com/profile_images/1013614110171250688/vrPUCDn2.jpg,
2021-09-11,2008-11-07 20:14:28+08:00,35895,13588,4474067,17773,https://pbs.twimg.com/profile_images/1013614110171250688/vrPUCDn2.jpg,
2021-09-12,2008-11-07 20:14:28+08:00,35895,13603,4475267,17773,https://pbs.twimg.com/profile_images/1013614110171250688/vrPUCDn2.jpg,
2021-09-13,2008-11-07 20:14:28+08:00,35897,13602,4476810,17772,https://pbs.twimg.com/profile_images/1013614110171250688/vrPUCDn2.jpg,
2021-09-14,2008-11-07 20:14:28+08:00,35900,13602,4478177,17773,https://pbs.twimg.com/profile_images/1013614110171250688/vrPUCDn2.jpg,
2021-09-15,2008-11-07 20:14:28+08:00,35918,13602,4479579,17772,https://pbs.twimg.com/profile_images/1013614110171250688/vrPUCDn2.jpg,
2021-09-16,2008-11-07 20:14:28+08:00,35928,13607,4480944,17772,https://pbs.twimg.com/profile_images/1013614110171250688/vrPUCDn2.jpg,
2021-09-17,2008-11-07 20:14:28+08:00,35933,13611,4483112,17770,https://pbs.twimg.com/profile_images/1013614110171250688/vrPUCDn2.jpg,
2021-09-18,2008-11-07 20:14:28+08:00,35942,13618,4484930,17770,https://pbs.twimg.com/profile_images/1013614110171250688/vrPUCDn2.jpg,
2021-09-19,2008-11-07 20:14:28+08:00,35942,13618,4486545,17770,https://pbs.twimg.com/profile_images/1013614110171250688/vrPUCDn2.jpg,
2021-09-20,2008-11-07 20:14:28+08:00,35944,13619,4488089,17770,https://pbs.twimg.com/profile_images/1013614110171250688/vrPUCDn2.jpg,
2021-09-21,2008-11-07 20:14:28+08:00,35965,13630,4490135,17769,https://pbs.twimg.com/profile_images/1013614110171250688/vrPUCDn2.jpg,
2021-09-22,2008-11-07 20:14:28+08:00,35969,13633,4491778,17770,https://pbs.twimg.com/profile_images/1013614110171250688/vrPUCDn2.jpg,
2021-09-23,2008-11-07 20:14:28+08:00,35975,13637,4493591,17771,https://pbs.twimg.com/profile_images/1013614110171250688/vrPUCDn2.jpg,
2021-09-24,2008-11-07 20:14:28+08:00,35982,13640,4495060,17771,https://pbs.twimg.com/profile_images/1013614110171250688/vrPUCDn2.jpg,
2021-09-25,2008-11-07 20:14:28+08:00,35996,13646,4497748,17772,https://pbs.twimg.com/profile_images/1013614110171250688/vrPUCDn2.jpg,
2021-09-26,2008-11-07 20:14:28+08:00,35999,13644,4499734,17773,https://pbs.twimg.com/profile_images/1013614110171250688/vrPUCDn2.jpg,
2021-09-27,2008-11-07 20:14:28+08:00,35998,13646,4501268,17771,https://pbs.twimg.com/profile_images/1013614110171250688/vrPUCDn2.jpg,
2021-09-28,2008-11-07 20:14:28+08:00,36006,13651,4502836,17767,https://pbs.twimg.com/profile_images/1013614110171250688/vrPUCDn2.jpg,
2021-09-29,2008-11-07 20:14:28+08:00,36016,13659,4504430,17766,https://pbs.twimg.com/profile_images/1013614110171250688/vrPUCDn2.jpg,
2021-09-30,2008-11-07 20:14:28+08:00,36023,13663,4506067,17770,https://pbs.twimg.com/profile_images/1013614110171250688/vrPUCDn2.jpg,
2021-10-01,2008-11-07 20:14:28+08:00,36034,13667,4507498,17771,https://pbs.twimg.com/profile_images/1013614110171250688/vrPUCDn2.jpg,
2021-10-02,2008-11-07 20:14:28+08:00,36043,13669,4508863,17770,https://pbs.twimg.com/profile_images/1013614110171250688/vrPUCDn2.jpg,
2021-10-03,2008-11-07 20:14:28+08:00,36043,13669,4510242,17766,https://pbs.twimg.com/profile_images/1013614110171250688/vrPUCDn2.jpg,
2021-10-04,2008-11-07 20:14:28+08:00,36044,13669,4511452,17764,https://pbs.twimg.com/profile_images/1013614110171250688/vrPUCDn2.jpg,
2021-10-05,2008-11-07 20:14:28+08:00,36051,13671,4524300,17763,https://pbs.twimg.com/profile_images/1013614110171250688/vrPUCDn2.jpg,
2021-10-06,2008-11-07 20:14:28+08:00,36056,13674,4527661,17764,https://pbs.twimg.com/profile_images/1013614110171250688/vrPUCDn2.jpg,
2021-10-07,2008-11-07 20:14:28+08:00,36057,13679,4529103,17765,https://pbs.twimg.com/profile_images/1013614110171250688/vrPUCDn2.jpg,
2021-10-08,2008-11-07 20:14:28+08:00,36072,13685,4530463,17764,https://pbs.twimg.com/profile_images/1013614110171250688/vrPUCDn2.jpg,
2021-10-09,2008-11-07 20:14:28+08:00,36084,13688,4531960,17763,https://pbs.twimg.com/profile_images/1013614110171250688/vrPUCDn2.jpg,
2021-10-10,2008-11-07 20:14:28+08:00,36085,13688,4533180,17763,https://pbs.twimg.com/profile_images/1013614110171250688/vrPUCDn2.jpg,
2021-10-11,2008-11-07 20:14:28+08:00,36086,13689,4534422,17763,https://pbs.twimg.com/profile_images/1013614110171250688/vrPUCDn2.jpg,
2021-10-12,2008-11-07 20:14:28+08:00,36086,13688,4535462,17763,https://pbs.twimg.com/profile_images/1013614110171250688/vrPUCDn2.jpg,
2021-10-13,2008-11-07 20:14:28+08:00,36093,13699,4537007,17761,https://pbs.twimg.com/profile_images/1013614110171250688/vrPUCDn2.jpg,
2021-10-14,2008-11-07 20:14:28+08:00,36098,13699,4538945,17760,https://pbs.twimg.com/profile_images/1013614110171250688/vrPUCDn2.jpg,
2021-10-15,2008-11-07 20:14:28+08:00,36102,13708,4540722,17758,https://pbs.twimg.com/profile_images/1013614110171250688/vrPUCDn2.jpg,
2021-10-16,2008-11-07 20:14:28+08:00,36117,13721,4543214,17760,https://pbs.twimg.com/profile_images/1013614110171250688/vrPUCDn2.jpg,
2021-10-17,2008-11-07 20:14:28+08:00,36123,13720,4545688,17760,https://pbs.twimg.com/profile_images/1013614110171250688/vrPUCDn2.jpg,
2021-10-18,2008-11-07 20:14:28+08:00,36125,13720,4547635,17760,https://pbs.twimg.com/profile_images/1013614110171250688/vrPUCDn2.jpg,
2021-10-19,2008-11-07 20:14:28+08:00,36130,13727,4549644,17760,https://pbs.twimg.com/profile_images/1013614110171250688/vrPUCDn2.jpg,
2021-10-20,2008-11-07 20:14:28+08:00,36139,13739,4551863,17759,https://pbs.twimg.com/profile_images/1013614110171250688/vrPUCDn2.jpg,
2021-10-21,2008-11-07 20:14:28+08:00,36145,13744,4553664,17759,https://pbs.twimg.com/profile_images/1013614110171250688/vrPUCDn2.jpg,
2021-10-22,2008-11-07 20:14:28+08:00,36152,13754,4555483,17763,https://pbs.twimg.com/profile_images/1013614110171250688/vrPUCDn2.jpg,
2021-10-23,2008-11-07 20:14:28+08:00,36165,13768,4557270,17766,https://pbs.twimg.com/profile_images/1013614110171250688/vrPUCDn2.jpg,
2021-10-24,2008-11-07 20:14:28+08:00,36167,13770,4559123,17766,https://pbs.twimg.com/profile_images/1013614110171250688/vrPUCDn2.jpg,
2021-10-25,2008-11-07 20:14:28+08:00,36168,13769,4560564,17765,https://pbs.twimg.com/profile_images/1013614110171250688/vrPUCDn2.jpg,
2021-10-26,2008-11-07 20:14:28+08:00,36183,13779,4561994,17765,https://pbs.twimg.com/profile_images/1013614110171250688/vrPUCDn2.jpg,
2021-10-27,2008-11-07 20:14:28+08:00,36185,13782,4563510,17766,https://pbs.twimg.com/profile_images/1013614110171250688/vrPUCDn2.jpg,
2021-10-28,2008-11-07 20:14:28+08:00,36194,13789,4564973,17764,https://pbs.twimg.com/profile_images/1013614110171250688/vrPUCDn2.jpg,
2021-10-29,2008-11-07 20:14:28+08:00,36229,13806,4566412,17764,https://pbs.twimg.com/profile_images/1013614110171250688/vrPUCDn2.jpg,
2021-10-30,2008-11-07 20:14:28+08:00,36242,13811,4568030,17765,https://pbs.twimg.com/profile_images/1013614110171250688/vrPUCDn2.jpg,
2021-10-31,2008-11-07 20:14:28+08:00,36246,13820,4569811,17765,https://pbs.twimg.com/profile_images/1013614110171250688/vrPUCDn2.jpg,
2021-11-01,2008-11-07 20:14:28+08:00,36248,13826,4571390,17763,https://pbs.twimg.com/profile_images/1013614110171250688/vrPUCDn2.jpg,
2021-11-02,2008-11-07 20:14:28+08:00,36249,13827,4572726,17760,https://pbs.twimg.com/profile_images/1013614110171250688/vrPUCDn2.jpg,
